profile_url,likes,comments,timestamp,type,caption,url,shortcode
https://www.instagram.com/tarot_reader_nidhi,3,0,2026-05-29T09:02:26Z,clips,#tarot #tarotcards #tarotreading #astrology,https://www.instagram.com/p/DY6rOyjgCmP/,DY6rOyjgCmP
https://www.instagram.com/tarot_reader_nidhi,7,0,2026-05-08T07:34:42Z,clips,"✨ Balance Your 7 Chakras & Cleanse Your Aura ✨
Release negative energy, restore inner peace, and awaken your true power 🌈💫

Experience deep healing through:
🔮 Aura Cleansing
🧘 Chakra Balancing
💖 Positive Energy Healing
🌟 Emotional & Spiritual Alignment

Feel lighter, calmer, and more confident from within.

📩 Contact Nidhi for Aura Cleansing & Healing Sessions
🌸 Cleanse • Balance •#tarot #tarotcards #astrology #spiritual",https://www.instagram.com/p/DYEcdR6AejI/,DYEcdR6AejI
https://www.instagram.com/tarot_reader_nidhi,7,0,2026-04-30T06:22:49Z,clips,#tarot #likeforlikes #doubletap #sharethis #trendingvideo,https://www.instagram.com/p/DXvtzTngXmc/,DXvtzTngXmc
https://www.instagram.com/tarot_reader_nidhi,8,0,2026-04-30T04:36:51Z,clips,#tarotcards #growthmindset #viral#likeforlikes,https://www.instagram.com/p/DXvhrclTHGJ/,DXvhrclTHGJ
https://www.instagram.com/tarot_reader_nidhi,6,0,2026-04-18T19:23:24Z,clips,Dm for consultation #trending#viral#reels#fyp#explorepage✨,https://www.instagram.com/p/DXSNldazvi3/,DXSNldazvi3
https://www.instagram.com/tarot_reader_nidhi,5,0,2026-03-30T03:51:19Z,clips,#tarot #tarotcards #divination #astrology,https://www.instagram.com/p/DWfn5daA_cG/,DWfn5daA_cG
https://www.instagram.com/tarot_reader_nidhi,4,0,2026-01-07T16:12:33Z,clips,Amethyst bracelet #tarot #tarotcards #debt #witch #spiritual,https://www.instagram.com/p/DTNzgtBkldX/,DTNzgtBkldX
https://www.instagram.com/tarot_reader_nidhi,2,0,2025-12-18T17:15:43Z,clips,#tarot #tarotcards #astrology #witchcraft #witch,https://www.instagram.com/p/DSaa05_EtQh/,DSaa05_EtQh
https://www.instagram.com/tarot_reader_nidhi,5,0,2025-08-25T10:08:45Z,clips,#astrology #tarot #witchcraft #tarotreading #magic #spiritual #spirituality #ganesh #ganpatibappamorya #ganeshchaturthi #occasions #witch #tarotcards #fyp #instagram #god,https://www.instagram.com/p/DNxigwY5EC4/,DNxigwY5EC4
https://www.instagram.com/tarot_reader_nidhi,4,0,2025-02-24T19:26:50Z,clips,#viral #art #photo #happy #likesforlike #explorepage #explore #trending #nature #insta #model #life #india #lfl #music #cute #memes #liker #photoshoot #likeback #travel #tiktok #beauty #k #photographer #likeforlikeback #foryou #likeme #quotes #following,https://www.instagram.com/p/DGd52oBTbLp/,DGd52oBTbLp
https://www.instagram.com/tarot_reader_nidhi,4,0,2025-02-24T19:25:19Z,clips,#viral #art #photo #happy #likesforlike #explorepage #explore #trending #nature #insta #model #life #india #lfl #music #cute #memes #liker #photoshoot #likeback #travel #tiktok #beauty #k #photographer #likeforlikeback #foryou #likeme #quotes #following,https://www.instagram.com/p/DGd5rp-zi7p/,DGd5rp-zi7p
https://www.instagram.com/tarot_reader_nidhi,1,0,2025-02-18T17:01:35Z,Image,#tarot #tarotcards #tarotreading #tarotreader #tarotreadersofinstagram #tarotcommunity #astrology #spirituality #love #witch #tarotonline #witchesofinstagram #psychic #spiritual #divination #oracle #healing #witchcraft #crystals #reiki #spiritualawakening #meditation #magic #tarotreadings #oraclecards #amor #tarotdeck #astrologia #magick #wicca,https://www.instagram.com/p/DGOMfbryRst/,DGOMfbryRst
https://www.instagram.com/rashigaur_astrologyvastu/,18,0,2026-05-22T08:01:29.000Z,Sidecar,"Feeling stuck, facing constant delays, or like life is testing you at every step? That’s Sade Sati — Saturn’s 7.5 year cycle of karma, lessons, and transformation.

Even Lord Hanuman & Shiva went through it. You’re not being punished, you’re being prepared.

Join Rashi Gaur LIVE for 75 mins as she breaks down: 
✨ How Sade Sati actually affects your chart, career, money & relationships 
✨ Why this phase feels heavy — and how to work with Saturn, not against him 
✨ Practical, doable remedies to reduce obstacles and find mental strength

No fear-mongering. Just clarity, guidance, and power. 
₹1020 | LIVE Workshop |

#SadeSati #SaturnTransit #RashiGaur #SoulSensei #astrologyworkshop",https://www.instagram.com/p/DYoiweOk7Xz/,DYoiweOk7Xz
https://www.instagram.com/rashigaur_astrologyvastu/,331,17,2026-05-25T06:33:23.000Z,Video,"5 SIGNS YOUR MOBILE PHONE IS TELLING YOU YOUR RAHU IS GIVING NEGATIVE RESULTS

Know about the 5 signs that your mobile phone is giving you, which signify an imbalanced Rahi and eventually leads to negative results

To consult for Astrology, Numerology, Vastu & Feng Shui 📞9810104320
www.rashigaur.com

#mobilephones #impactofmobilephones #mobilegames #lifewithmobile #mobilesusage",https://www.instagram.com/p/DYwG292zUJR/,DYwG292zUJR
https://www.instagram.com/rashigaur_astrologyvastu/,42,3,2026-05-24T06:48:53.000Z,Video,"Feeling stuck, facing constant delays, or like life is testing you at every step? That’s Sade Sati — Saturn’s 7.5 year cycle of karma, lessons, and transformation.

Even Lord Hanuman & Shiva went through it. You’re not being punished, you’re being prepared.

Join Rashi Gaur LIVE for 75 mins as she breaks down: 
✨ How Sade Sati actually affects your chart, career, money & relationships 
✨ Why this phase feels heavy — and how to work with Saturn, not against him 
✨ Practical, doable remedies to reduce obstacles and find mental strength

No fear-mongering. Just clarity, guidance, and power. 
₹1020 | LIVE Workshop | Link in bio to register

#SadeSati #SaturnTransit #RashiGaur #SoulSensei #AstrologyWorkshop VedicAstrology ShaniRemedies",https://www.instagram.com/p/DYtj6OKTpBB/,DYtj6OKTpBB
https://www.instagram.com/rashigaur_astrologyvastu/,60,7,2026-05-18T08:28:49.000Z,Video,"IS YOUR VACATION LIST READY?
DON’T FORGET TO PACK THIS 

If you are going on a vacation very soon, then you must carry something that protects your aura as well. Our Summer Crystal Travel Kit is here to help you stay protected and happy throughout your journey. Grab your kit at 
www.gardenofmiracles.in

To consult for Astrology, Numerology, Vastu & Feng Shui 📞9810104320
www.rashigaur.com

#vacationkit #vacationmode #bevacationready #vacationessentials",https://www.instagram.com/p/DYeSiWlTcnY/,DYeSiWlTcnY
https://www.instagram.com/rashigaur_astrologyvastu/,315,9,2026-05-27T06:15:02.000Z,Sidecar,"ONCE IN A BLUE MOON PORTAL ON RARE BLUE FULL MOON 

Know about this blue moon portal which occurs on a rare blue full moon on May 31. Learn about the 3 key rituals that you can perform on this day to make your manifestations come true.

To consult for Astrology, Numerology, Vastu & Feng Shui 📞9810104320
www.rashigaur.com

#bluemoonportal #bluemoonrising #manifestyourdreams #manifestyourdestiny #bluemoon",https://www.instagram.com/p/DY1On6Lk6h9/,DY1On6Lk6h9
https://www.instagram.com/rashigaur_astrologyvastu/,85,9,2026-05-22T06:06:21.000Z,Video,"WHAT’S IN MY TRAVEL BAG? 3 ESSENTIALS THAT I ALWAYS CARRY

Know the three essentials that I always carry while I travel and how they can be of help to you as well and should be a part of your travel essentials.

To consult for Astrology, Numerology, Vastu & Feng Shui 📞9810104320
www.rashigaur.com

#travelessentials⭐️ #travelluck #travelkit #travelblog #traveladdict",https://www.instagram.com/p/DYoUzH4T45X/,DYoUzH4T45X
https://www.instagram.com/rashigaur_astrologyvastu/,94,23,2026-05-28T06:15:10.000Z,Video,"DOES KETU REALLY ASK YOU TO DETACH?
WHAT DOES HEADLESS PLANET WANT FROM YOU?

Know what it means to have Ketu in different parts of your life, and why does it really ask you to detach.

To consult for Astrology, Numerology, Vastu & Feng Shui 📞9810104320
www.rashigaur.com

#ketuplanetinfluence #ketudetachment #ketuimpact #ketuplanet #ketuinyourchart",https://www.instagram.com/p/DY3zX7gTwyY/,DY3zX7gTwyY
https://www.instagram.com/rashigaur_astrologyvastu/,46,8,2026-05-23T05:53:23.000Z,Video,"Sade Sati tests everyone — even Lord Hanuman & Shiva faced Saturn’s 7.5 year transit.

So if you’re feeling the weight of delays, setbacks, or karmic lessons, you’re not alone. Saturn doesn’t come to break you. He comes to build you.

Join Rashi Gaur LIVE for 75 mins to decode: 
✨ What Sade Sati really means for your life path, career, money & relationships 
✨ How to read Saturn’s influence in your chart without fear 
✨ Powerful yet practical remedies to balance Shani’s energy and move forward with strength

Transform your toughest phase into your strongest comeback. 
₹1020 | LIVE Workshop |

#SadeSati #SaturnTransit #RashiGaur #ShaniRemedies #vedicastrologer",https://www.instagram.com/p/DYq4xNlTwR0/,DYq4xNlTwR0
https://www.instagram.com/rashigaur_astrologyvastu/,138,33,2026-05-29T06:20:01.000Z,Sidecar,"MERCURY ENTERS GEMINI BHADRA YOG AWAKENS
29TH MAY TO 22ND JUNE - 6 ZODIACS GET SUPER
LUCKY

Know which all zodiacs will get super lucky as Mercury enters Gemini and awakens Bhadra Yog from May 29 - June 22.

To consult for Astrology, Numerology, Vastu & Feng Shui 📞9810104320
www.rashigaur.com

#bhadrayoga #bhadrayogainastrology #luckyzodiacsigns #luckfavours #mercuryingemini",https://www.instagram.com/p/DY6Y0N6E-m8/,DY6Y0N6E-m8
https://www.instagram.com/rashigaur_astrologyvastu/,64,2,2026-06-03T06:45:30.000Z,Video,"YOU ARE A COMBINATION OF YOUR NUMBERS YOUR DATE OF BIRTH DOESN’T LIE - FIND YOUR POWER THROUGH NUMEROLOGY

Know how the numbers of your date of birth are a powerful combination and bring you so much power across various walks of life

Take my Lo Shu Grid course at www.gardenofmiracles.in

To consult for Astrology, Numerology, Vastu & Feng Shui 📞9810104320
www.rashigaur.com

#loshugrid #loshugridclasses #dateofbirthanalysis #numerology #numerologycompatibility",https://www.instagram.com/p/DZHV6w8xZ-j/,DZHV6w8xZ-j
https://www.instagram.com/rashigaur_astrologyvastu/,396,23,2026-06-01T06:14:47.000Z,Video,"THE MOST AWAITED AND POWERFUL JUPITER TRANSIT. BUT YOU MUST DO SOMETHING FIRST
2ND JUNE

The most awaited and powerful Jupiter transit is almost here but you must do something first so that this Jupiter works in your favour

Aries

4th house. Be forgiving towards mother. Nurture your home.

Taurus — 3rd house. Forgive siblings. Be generous in communication.

Gemini — 2nd house. Be nurturing with family. Take care of your finances

Cancer — 1st house. Forgive yourself, embody wisdom and compassion.

Leo — 12th house. Forgive past hurts, release baggage. Abundance comes through healing

Virgo — 11th house. forgive someone who may have hurt you in your social network / a boss / elder sibling. Be generous with friends and networks.

Libra —10th house. Forgive workplace politics, nurture career relationships.

Scorpio — 9th house. Forgive father, Have more belief in your abilities. Abundance flows in wisdom, travel

Sagittarius — 8th house. Forgive in laws, shared financial issues or intimacy wounds.

Capricorn — 7th house. Forgive partners, spouse. nurture relationships.

Aquarius — 6th house. Forgive colleagues, be generous in service.

Pisces —5th house. Forgive children or past love. Abundance flows in romance, creativity, and joy.

To consult for Astrology, Numerology, Vastu & Feng Shui 📞9810104320
www.rashigaur.com

#jupitertransit #jupitereffect #jupiterintransit #jupiterplanet #jupiterplanetpower",https://www.instagram.com/p/DZCGOirzVi_/,DZCGOirzVi_
https://www.instagram.com/rashigaur_astrologyvastu/,377,46,2026-05-14T07:20:58.000Z,Video,"POWERFUL PORTAL TO REDUCE SHANI ILL EFFECTS - SHANI AMAVAS / SHANI JAYANTI SATURDAY - MAY 16TH

Know how the day of Shani Jayanti or Shani Amawas opens a powerful portal for you to reduce ill effects caused by Shani

Remedies that can be done on Shani Amavas
Lighting mustard oil diya under peepal tree in the evening
Adding black til to diya
Organising hawan in the house
Offering water to the roots of Peepal Tree while chanting Om Namah shivaya
Donation of food and clothes
Tadpan for ancestors
Praying to Lord Shiva
Seva of cows
Helping animals
Donation at Old age homes
Organizing Bhandara
 

To consult for Astrology, Numerology, Vastu & Feng Shui 📞9810104320
www.rashigaur.com

#shanijayanti #shaniamavasya #shanidasha #effectsofshani #shanimandir",https://www.instagram.com/p/DYT3fKWTFrx/,DYT3fKWTFrx
https://www.instagram.com/rashigaur_astrologyvastu/,324,23,2026-05-17T06:50:22.000Z,Video,"17TH MAY TO 15TH JUNE 
ADHIK MAAS / PURSHOTTAM MAAS 
“OUT OF THE ORDINARY” MONTH 
WHAT SHOULD WE DO AND NOT DO?

Know all the things that you should do and not do during the Adhik Mass which is known to be the ‘Out of the ordinary’ month

To consult for Astrology, Numerology, Vastu & Feng Shui 📞9810104320
www.rashigaur.com

#adhikmaas #adhikmaas2026 #purushottammaas #puroshottammonth #astrological",https://www.instagram.com/p/DYbicsxz__W/,DYbicsxz__W
https://www.instagram.com/rashigaur_astrologyvastu/,648,25,2026-05-15T07:42:03.000Z,Video,"30 YEAR CYCLE COMPLETING ENDINGS BECOME BEGINNINGS 
SHANI ENTERS REVATI NAKSHATRA
17TH MAY TO OCTOBER

Know how the 30 year cycle ending becomes new beginnings from May 17 to October

To consult for Astrology, Numerology, Vastu & Feng Shui 📞9810104320
www.rashigaur.com

#shaniinrevatinakshatra #revatinakshatra #newbeginnings #oldcycleending #shanimandir",https://www.instagram.com/p/DYWcdoATcrN/,DYWcdoATcrN
https://www.instagram.com/rashigaur_astrologyvastu/,231,9,2026-05-20T08:34:34.000Z,Video,"MAY 23RD - IN THE MIDST OF MAY CHAOS DURGA ASHTAMI POWERFUL PORTAL OF SHAKTI

Know how the powerful day of Durga Ashtami can open a portal of Shakti and blessings for you amidst the chaos of May. And things that you should be doing during this time.

To consult for Astrology, Numerology, Vastu & Feng Shui 📞9810104320
www.rashigaur.com

#durgaashtami #powerfulportal #durgaashtmi🕉️🚩 #portalofpower",https://www.instagram.com/p/DYjaTTXTW2G/,DYjaTTXTW2G
https://www.instagram.com/premastrologer,5,0,2026-06-04T02:00:52.000Z,Image,"Sometimes your silence is not weakness… it is the universe preparing you for a stronger comeback. 🔮✨

The calmest souls often carry the strongest energy.

Comment “SILENT” if you’re protecting your peace now. 🙏

#foryoupage #Spirituality #viralpost #morning #Motivation",https://www.instagram.com/p/DZJXvxaFFYM/,DZJXvxaFFYM
https://www.instagram.com/premastrologer,79,0,2026-06-03T12:00:49.000Z,Sidecar,"✨ राशिफल | Daily Horoscope Hindi [4th June  2026]

आज का दिन आपके करियर, धन, रिश्ते और स्वास्थ्य के लिए क्या संदेश लेकर आया है?

सभी 12 राशियों का राशिफल हिंदी में पढ़ें और दिन की सही दिशा तय करें 🔮

👉 Swipe करें और जानें अपनी राशि का Daily Rashifal
💬 Comment में अपनी राशि लिखें

For personalised consultation with Astrologer Dr Prem Kumar Sharma  connect us at +91-9716145644

#आजकाराशिफल #dailyrashifal #rashifaltoday #horoscope #zodiac",https://www.instagram.com/p/DZH3nKylBME/,DZH3nKylBME
https://www.instagram.com/premastrologer,12,4,2026-06-02T02:00:05.000Z,Image,"People see success… but they never see the sacrifices behind it. 

Self belief + hard work = unstoppable destiny. ✨
Type “I WILL WIN” if you trust your journey. 

#Success #Motivation #viralpost #Mindset #fyp",https://www.instagram.com/p/DZEOKxDlOVq/,DZEOKxDlOVq
https://www.instagram.com/premastrologer,10,6,2026-06-01T03:45:23.000Z,Image,"Nobody talks about this… but destiny changes when you start correcting yourself. ✨🔮

Comment “YES” if you believe every morning is a second chance. 🙏

#MorningThought #Astrology #Premastrologer #PositiveVibes #Motivation",https://www.instagram.com/p/DZBpc03FE0C/,DZBpc03FE0C
https://www.instagram.com/premastrologer,20,0,2026-05-31T05:00:24.000Z,Image,"🗓️ जून 2026 के व्रत और त्योहार ?

जून माह में आने वाले सभी प्रमुख व्रत, एकादशी, चतुर्थी, पूर्णिमा और अन्य महत्वपूर्ण धार्मिक तिथियों की संपूर्ण सूची आपके लिए।

📌 इस पोस्ट को SAVE कर लें।

#june #vrat #festival #FestivalCalendar #ᴠɪʀᴀʟᴘᴏsᴛ",https://www.instagram.com/p/DY_ZNXDlOwu/,DY_ZNXDlOwu
https://www.instagram.com/premastrologer,11,3,2026-06-03T02:00:18.000Z,Image,"The universe never expects perfection… it only expects growth. ✨

Mistakes are proof that you are learning, evolving, and moving toward your destiny.
Comment “I ACCEPT” if you believe in second chances. 🙏

#Astrology # #Spirituality #Motivation #DailyGuidance",https://www.instagram.com/p/DZGy_o0lPc3/,DZGy_o0lPc3
https://www.instagram.com/premastrologer,41,2,2026-06-01T14:45:36.000Z,Sidecar,"STOP SCROLLING! 🚨

This is your sign from the universe today… 🌙✨

Something is shifting in your life right now.
A decision. A relationship. A financial move. A hidden opportunity.

Your Daily Horoscope reveals what you must know before the day ends. 💫

The planets are aligning in powerful ways — and ignoring today’s message could mean missing an important clue meant just for YOU.

✨ Read your sign.
✨ Understand the signal.
✨ Move with confidence.

👇 Comment your Zodiac Sign RIGHT NOW
📲 Share this to your story & claim today’s positive energy

🔮 Daily Horoscope by Dr Prem Kumar Sharma
📞 Personal Consultation: +91 9716145644
🌐 Full Predictions: www.premastrologer.com

♈ Aries ♉ Taurus ♊ Gemini ♋ Cancer ♌ Leo ♍ Virgo ♎ Libra ♏ Scorpio ♐ Sagittarius ♑ Capricorn ♒ Aquarius ♓ Pisces, zodiacenergy, cosmicguidance, Astrologer, Premastrologer, Drpremkumarsharma

#dailyhoroscope #horoscopetoday #rashifal #zodiacsign #astrologyindia",https://www.instagram.com/p/DZDA4l7lOT2/,DZDA4l7lOT2
https://www.instagram.com/premastrologer,530,7,2026-05-30T04:35:53.000Z,Sidecar,"Your Weekly Horoscope Has Arrived! 

This week brings fresh cosmic energy, new opportunities, and big shifts. Your Sun-sign guidance is ready—don’t start your week without checking it!

Swipe → Read → Align ✨

Your Weekly Horoscope by DrPremKumarSharma is here to help you move with clarity, confidence, and peace.
Just match your birth date and see what the universe is shaping for you this week.

💫 Tag @premastrologer for more celestial updates

For personal consultation, call/WhatsApp: 📞 +91 9716145644

For the full detailed horoscope, visit: www.premastrologer.com 

[Aries,Taurus, Leo, Libra, Virgo, Cancer, Gemini, Scorpio, Sagittarius, Capricorn, Aquarius, Pisces, weeklyhoroscope, Astrologer Dr Prem Kumar Sharma, Premastrologer]

#weeklyhoroscope #rashifal #ᴛʀᴇɴᴅɪɴɢᴘᴏsᴛ #predictions #astrology",https://www.instagram.com/p/DY8xhDQky-1/,DY8xhDQky-1
https://www.instagram.com/premastrologer,68,0,2026-06-02T14:45:52.000Z,Sidecar,"STOP SCROLLING! 🚨

This is your sign from the universe today… 🌙✨

Something is shifting in your life right now.
A decision. A relationship. A financial move. A hidden opportunity.

Your Daily Horoscope reveals what you must know before the day ends. 💫

The planets are aligning in powerful ways — and ignoring today’s message could mean missing an important clue meant just for YOU.

✨ Read your sign.
✨ Understand the signal.
✨ Move with confidence.

👇 Comment your Zodiac Sign RIGHT NOW
📲 Share this to your story & claim today’s positive energy

🔮 Daily Horoscope by Dr Prem Kumar Sharma
📞 Personal Consultation: +91 9716145644
🌐 Full Predictions: www.premastrologer.com

♈ Aries ♉ Taurus ♊ Gemini ♋ Cancer ♌ Leo ♍ Virgo ♎ Libra ♏ Scorpio ♐ Sagittarius ♑ Capricorn ♒ Aquarius ♓ Pisces, zodiacenergy, cosmicguidance, Astrologer, Premastrologer, Drpremkumarsharma

#dailyhoroscope #horoscopetoday #rashifal #zodiacsign #astrologyindia",https://www.instagram.com/p/DZFltT2FAkM/,DZFltT2FAkM
https://www.instagram.com/premastrologer,51,3,2026-05-31T14:45:34.000Z,Sidecar,"STOP SCROLLING! 🚨

This is your sign from the universe today… 🌙✨

Something is shifting in your life right now.
A decision. A relationship. A financial move. A hidden opportunity.

Your Daily Horoscope reveals what you must know before the day ends. 💫

The planets are aligning in powerful ways — and ignoring today’s message could mean missing an important clue meant just for YOU.

✨ Read your sign.
✨ Understand the signal.
✨ Move with confidence.

👇 Comment your Zodiac Sign RIGHT NOW
📲 Share this to your story & claim today’s positive energy

🔮 Daily Horoscope by Dr Prem Kumar Sharma
📞 Personal Consultation: +91 9716145644
🌐 Full Predictions: www.premastrologer.com

♈ Aries ♉ Taurus ♊ Gemini ♋ Cancer ♌ Leo ♍ Virgo ♎ Libra ♏ Scorpio ♐ Sagittarius ♑ Capricorn ♒ Aquarius ♓ Pisces, zodiacenergy, cosmicguidance, Astrologer, Premastrologer, Drpremkumarsharma

#dailyhoroscope #horoscopetoday #rashifal #zodiacsign #astrologyindia",https://www.instagram.com/p/DZAcGZLFFjS/,DZAcGZLFFjS
https://www.instagram.com/premastrologer,43,8,2026-06-01T01:45:15.000Z,Video,"✨ Welcome June 2026 ✨

A new month brings new opportunities, fresh beginnings, and unexpected blessings.

Leave behind the worries, disappointments, and delays of the past. Step into June with faith, positivity, and confidence. The Universe has a way of opening doors when the time is right.

May this month bring success in your work, peace in your mind, happiness in your relationships, and abundance in every area of life.

🔮 Comment ""JUNE"" if you are ready to attract positive energy this month.

Save this post and revisit it at the end of June to see how far you've come.

#June2026 #viral #manifestation #positivevibes #reelitfeelit",https://www.instagram.com/p/DZBnZUOh1Cj/,DZBnZUOh1Cj
https://www.instagram.com/premastrologer,48,5,2026-05-31T11:50:14.000Z,Sidecar,"✨ राशिफल | Daily Horoscope Hindi [1st June  2026]

आज का दिन आपके करियर, धन, रिश्ते और स्वास्थ्य के लिए क्या संदेश लेकर आया है?

सभी 12 राशियों का राशिफल हिंदी में पढ़ें और दिन की सही दिशा तय करें 🔮

👉 Swipe करें और जानें अपनी राशि का Daily Rashifal
💬 Comment में अपनी राशि लिखें

For personalised consultation with Astrologer Dr Prem Kumar Sharma  connect us at +91-9716145644

#आजकाराशिफल #dailyrashifal #rashifaltoday #horoscope #zodiac",https://www.instagram.com/p/DZAIH7JFF0j/,DZAIH7JFF0j
https://www.instagram.com/premastrologer,79,2,2026-06-02T11:55:14.000Z,Sidecar,"✨ राशिफल | Daily Horoscope Hindi [3rd June  2026]

आज का दिन आपके करियर, धन, रिश्ते और स्वास्थ्य के लिए क्या संदेश लेकर आया है?

सभी 12 राशियों का राशिफल हिंदी में पढ़ें और दिन की सही दिशा तय करें 🔮

👉 Swipe करें और जानें अपनी राशि का Daily Rashifal
💬 Comment में अपनी राशि लिखें

For personalised consultation with Astrologer Dr Prem Kumar Sharma  connect us at +91-9716145644

#आजकाराशिफल #dailyrashifal #rashifaltoday #horoscope #zodiac",https://www.instagram.com/p/DZFSTwVlFu2/,DZFSTwVlFu2
https://www.instagram.com/premastrologer,53,1,2026-06-03T14:45:40.000Z,Sidecar,"STOP SCROLLING! 🚨

This is your sign from the universe today… 🌙✨

Something is shifting in your life right now.
A decision. A relationship. A financial move. A hidden opportunity.

Your Daily Horoscope reveals what you must know before the day ends. 💫

The planets are aligning in powerful ways — and ignoring today’s message could mean missing an important clue meant just for YOU.

✨ Read your sign.
✨ Understand the signal.
✨ Move with confidence.

👇 Comment your Zodiac Sign RIGHT NOW
📲 Share this to your story & claim today’s positive energy

🔮 Daily Horoscope by Dr Prem Kumar Sharma
📞 Personal Consultation: +91 9716145644
🌐 Full Predictions: www.premastrologer.com

♈ Aries ♉ Taurus ♊ Gemini ♋ Cancer ♌ Leo ♍ Virgo ♎ Libra ♏ Scorpio ♐ Sagittarius ♑ Capricorn ♒ Aquarius ♓ Pisces, zodiacenergy, cosmicguidance, Astrologer, Premastrologer, Drpremkumarsharma

#dailyhoroscope #horoscopetoday #rashifal #zodiacsign #astrologyindia",https://www.instagram.com/p/DZIKepKlLjn/,DZIKepKlLjn
https://www.instagram.com/premastrologer,101,2,2026-06-01T11:50:48.000Z,Sidecar,"✨ राशिफल | Daily Horoscope Hindi [2nd June  2026]

आज का दिन आपके करियर, धन, रिश्ते और स्वास्थ्य के लिए क्या संदेश लेकर आया है?

सभी 12 राशियों का राशिफल हिंदी में पढ़ें और दिन की सही दिशा तय करें 🔮

👉 Swipe करें और जानें अपनी राशि का Daily Rashifal
💬 Comment में अपनी राशि लिखें

For personalised consultation with Astrologer Dr Prem Kumar Sharma  connect us at +91-9716145644

#आजकाराशिफल #dailyrashifal #rashifaltoday #horoscope #zodiac",https://www.instagram.com/p/DZCs4LNlFEq/,DZCs4LNlFEq
https://www.instagram.com/mahavastu,72,0,2026-05-07T14:31:17.000Z,Video,"Enroll in the MahaVastu Expert Course 2026— Upgrade your Practice, Thinking, and Results. 

As the Course evolves with new frameworks and more precise methods, many MahaVastu Experts return to sharpen their skills in diagnosis, remedies, and confident Client guidance. 

Last date to Enroll: 9th May 2026. 
Next opportunity: 2027

#MahaVastuExpert #MyMahaVastuMiracle #ProfessionalGrowth #UpgradeSelf #LifeTransformation #Palmistry #Numerology",https://www.instagram.com/p/DYCnZGLDwBt/,DYCnZGLDwBt
https://www.instagram.com/mahavastu,67,0,2026-05-06T15:07:13.000Z,Video,"Enroll in MahaVastu Expert Course 2026— discover how the right learning can change direction of your life.
Learn to understand problems deeply, guide people with clarity, and create visible transformation in health, career, relationships & life.
Many Participants joined with curiosity… and found their true calling.

#MahaVastu #MahaVastuExpert #LifeTransformation #VastuConsultant #CareerTransformation #FinancialFreedom",https://www.instagram.com/p/DYAGrDqiZDQ/,DYAGrDqiZDQ
https://www.instagram.com/mahavastu,131,1,2026-04-21T12:37:37.000Z,Sidecar,"Enroll in MahaVastu Expert Course—and begin seeing how homes shape relationships, emotions and everyday experiences.

As you start understanding hidden spatial patterns, you naturally notice why some spaces create tension… while aligned homes support harmony, connection, and emotional stability.

#MahaVastu #RelationshipHealing #VastuShastra #LifeTransformation #MahaVastuExpert CareerTransformation InnerCalling",https://www.instagram.com/p/DXZNtyQGIJc/,DXZNtyQGIJc
https://www.instagram.com/mahavastu,672,3,2026-03-28T13:38:41.000Z,Image,"Now, you can Enroll directly for Certified MahaVastu Expert ’26 Course.

Progress from Knowledge → Precision → Professional authority.

Access the integrated framework of Indian Knowledge Systems:
MFC • VAFC • AMRC • Gita • Devta • Numero • Palmistry • Jyotish • Tantra & more.

Deepen your Clarity.
Strengthen your Remedies.
Upgrade your Professional Practice.

Enroll: Link in Bio 

#VastuShastra #IndianKnowledgeSystem #IKS #Astrology #MahavastuExpert

[SpiritualScience MahaVastuExpert Numerology Palmistry Tantra ProfessionalGrowth VastuConsultant EnergyAlignment VedicWisdom SkillUpgrade ConsciousLiving]",https://www.instagram.com/p/DWbhVwcEiC2/,DWbhVwcEiC2
https://www.instagram.com/mahavastu,236,0,2026-04-25T07:35:55.000Z,Video,"KB sir explains how the moment of your financial loss reveals the hidden Vastu imbalances in your space. Watch to understand how the ‘when’ leads to the ‘why’

Join ME26 - Click on the Link in Bio to know more

#mahavastu #vastushastra #khushdeepbansal #me26 #financialgoals",https://www.instagram.com/p/DXi-KNVjvUF/,DXi-KNVjvUF
https://www.instagram.com/mahavastu,683,8,2026-04-11T15:39:34.000Z,Video,"Clarity → Action → Activation → Manifestation. 
KB sir explains the roadmap to your reality.

Enroll in MahaVastu Expert Course - Link in Bio. 

#mahavastu #vastushastra #manifestation #me’26 #kb",https://www.instagram.com/p/DW_yeUMjc_p/,DW_yeUMjc_p
https://www.instagram.com/mahavastu,105,0,2026-05-04T15:13:09.000Z,Sidecar,"Enroll in MahaVastu Expert Course 2026. Start your Professional Practice.
Follow your heart. Honour your inner calling. Build your own practice with a structured, proven system. Learn, apply, and grow into a trusted Growth Mentor with financial independence through respected mentorship. 
#MahaVastuExpert #VastuConsultant #CareerTransformation #StartYourPractice #MyMahavastuMiracle",https://www.instagram.com/p/DX692DZlgKu/,DX692DZlgKu
https://www.instagram.com/mahavastu,200,4,2026-05-05T11:40:14.000Z,Video,"Enroll in the MahaVastu Expert Course 2026—and start building your own professional path.
Many people feel stuck, even after having skills. The real shift comes when you recognize your strength and learn how to use it.
See your value clearly… and step into a career that earns respect and income.
Enroll now.

#MahaVastu #MahaVastuExpert #CareerTransformation #KnowYourWorth #ProfessionalGrowth #VastuConsultant",https://www.instagram.com/p/DX9KB7sj2qo/,DX9KB7sj2qo
https://www.instagram.com/mahavastu,816,6,2026-04-11T13:58:01.000Z,Video,"MahaVastu Expert Course workshop: Tantra & Devta MahaVastu Remedies. Pre-Preparation has started, Enroll Now. Last date to enroll: 9th May 2026.
#mahavastuexpert #CareerGrowth #FinancialFreedom #InnerCalling #tantrapractice",https://www.instagram.com/p/DW_m3JKjRsn/,DW_m3JKjRsn
https://www.instagram.com/mahavastu,77,1,2026-05-05T15:01:14.000Z,Video,"Enroll in the MahaVastu Expert Course 2026—and experience real transformation in your own life.
From Palmistry to Tantra, you learn powerful systems that bring clarity and solutions.
As you apply them, challenges start resolving… and results begin to show.
Learn, practice and Experience change within.
Enroll now.

#MahaVastu #VastuConsultant #MyMahaVastuMiracle #LifeTransformation #RealResults #MahaVastuExpert
#CareerTransformation #StartYourPractice",https://www.instagram.com/p/DX9hK8eksub/,DX9hK8eksub
https://www.instagram.com/mahavastu,729,6,2026-04-20T09:39:45.000Z,Video,"This Guru Purnima…
Celebrate the miracle you’ve lived.
Not just a moment. A turning point.
Your story holds power.
Your experience can inspire.
Your transformation deserves to be seen.

Share your #MyMahaVastuMiracle
Because the world is listening.
The stage is yours.
Click the link in bio to begin.

#mahavastu #vastushastra #kb #me26",https://www.instagram.com/p/DXWUXXsjcDI/,DXWUXXsjcDI
https://www.instagram.com/mahavastu,187,1,2026-04-06T14:26:34.000Z,Image,"Not just words—directions for a better life!!

 
Enroll in MahaVastu Expert Course - Link in Bio. 

#mahavastu #kb #me26 #mahavastuexpertcourse #vastushastra",https://www.instagram.com/p/DWyx8JbDZiy/,DWyx8JbDZiy
https://www.instagram.com/mahavastu,774,0,2026-04-02T14:20:54.000Z,Video,"Powerful insights. Ancient wisdom. Real transformations.
Highlights from Mahavastu Expert Course 2025 Workshop on Numero and Palmistry derived Mahavastu Remedies.

Enroll in MahaVastu Expert Course - Link in Bio. 

#mahavastu #vastushastra #mahavasturemedies #khushdeepbansal #mahavastuexpertcourse",https://www.instagram.com/p/DWoeJVmjZ2T/,DWoeJVmjZ2T
https://www.instagram.com/mahavastu,572,3,2026-04-09T14:23:26.000Z,Video,"तंत्र कहता है ना कुछ सही है, ना कुछ गलत, जो दिखता है वो पदार्थ नहीं वो मार्गदर्शन है।

Enroll in MahaVastu Expert Course - Link in Bio. 

#mahavastu #vastushastra #tantra #me26 #khushdeepbansal",https://www.instagram.com/p/DW6gFzRjSlf/,DW6gFzRjSlf
https://www.instagram.com/mahavastu,176,2,2026-04-12T14:14:24.000Z,Video,"Tantra, Devtas, and space mastery. A powerful weekend with Dr. Khushdeep Bansal. 

Enroll in MahaVastu Expert Course - Link in Bio. 

#mahavastu #vastushastra #tantra #ME’26  #devta",https://www.instagram.com/p/DXCNdFxjY88/,DXCNdFxjY88
https://www.instagram.com/astroarunpandit,7223,58,2026-06-02T00:30:10.000Z,Sidecar,"2 June 2026 – Daily Horoscope by Astro Arun Pandit ✨

The planets shift, energies change, and each day brings a new message from the universe. 🌙✨

What do the stars have in store for you today?
This Moon Sign (Chandra Rashi)–based Daily Horoscope offers guidance for your career, relationships, health, and mindset, helping you move through the day with clarity and balance. 💫

Stay aligned with cosmic energies.
👉 Don’t forget to share this with your friends - because their day, too, is written in the stars. 🌌

🌸 Radhe Radhe 🌸

[ Astrology, Astro Arun Pandit, Rashifal, Prediction, Horoscope, Today’s Rashifal ]

#AstroArunPandit #Astrology #DailyHoroscope #Rashifal #TodaysHoroscope #Predictions",https://www.instagram.com/p/DZED2gogZZd/,DZED2gogZZd
https://www.instagram.com/astroarunpandit,1651,1,2026-06-01T14:02:54.000Z,Video,"June 1–15, 2026 Rashifal
June ke pehle 15 din kuch rashiyon ke liye golden opportunity ban sakte hain, jabki kuch ko mil sakta hai ek zaroori reality check.
Kisi ke liye ye 15 din progress aur recognition ka time banenge, toh kisi ko reality ke kuch important lessons mil sakte hain.
Sawal ye hai kya aap tayyar hain un signals ko samajhne ke liye jo grah aapko dene wale hain?

Career me kahan mil sakta hai breakthrough aur kahan badh sakta hai workload?
Finance me kis rashi ko milega fayda aur kise kharchon par rakhni hogi nazar?
Love Life aur Relationships me kahan aayegi stability aur kahan ho sakte hain emotional twists?
Health aur routine se jude kaun se signs ko ignore karna pad sakta hai bhaari?
Students & Job Seekers ke liye ye 15 din future planning aur opportunities ke liye kitne important rahenge?
Saath hi har rashi ke liye khaas remedies jo aapko is phase ka best result paane me madad kar sakti hain.
👉 Abhi video dekhiye aur janiye, June ka ye phase aapke liye Growth ka signal hai ya Warning ka!

[ June 1 to 15 Rashifal 2026, June Bi Monthly Horoscope 2026, 15 Days Rashifal June 2026, June Horoscope 2026 Hindi, Monthly Horoscope June 2026, Rashi Bhavishya June 2026, June Career Horoscope 2026, June Love Horoscope 2026, June Finance Prediction 2026, June Remedies 2026, Astro Arun Pandit Rashifal, Aries to Pisces Horoscope June, June Astrology Prediction Hindi, Half Month Horoscope June 2026 ]
.
.
#JuneRashifal #June2026 #15DaysRashifal #AstroArunPandit #Horoscope2026",https://www.instagram.com/p/DZC74BzT3su/,DZC74BzT3su
https://www.instagram.com/astroarunpandit,1793,12,2026-06-04T03:30:11.000Z,Video,"June 2026 Tula Rashi walon ke liye ek aisa phase lekar aa raha hai jahan har kisi ko khush rakhna possible nahi hoga.

Aap naturally balance aur peace pasand karte hain, lekin is baar kuch situations me aapko apne liye stand lena padega. People-pleasing ki aadat emotional pressure aur confusion badha sakti hai.
Yeh month aapko self-respect aur emotional boundaries ki importance samjhaayega. Jo log apni value samajhkar decisions lenge, wahi mentally aur emotionally strong banenge.
👉 Full video YouTube par live hai, June me kin decisions par dhyaan dena hai aur kaunsi mistakes avoid karni hain, poora jaanne ke liye YouTube par zaroor jaayein.
Radhe Radhe 🙏

[ Tula rashi June 2026, Libra June 2026, Astro Arun Pandit, Libra rashifal June 2026, Tula rashi monthly horoscope 2026, Libra June 2026 prediction, Tula rashi Finance June 2026, Libra Career June 2026, Libra rashi love June 2026 ] 

#TulaRashi #LibraHoroscope #June2026 #Rashifal #AstroArunPandit",https://www.instagram.com/p/DZJiIjWhAZB/,DZJiIjWhAZB
https://www.instagram.com/astroarunpandit,3085,19,2026-06-02T03:30:11.000Z,Video,"June 2026 Singh Rashi walon ke liye spotlight aur responsibility dono lekar aa raha hai.

Aap logon ke beech highlight me rahenge, lekin is baar sirf aapki achievements nahi, aapka attitude aur behaviour bhi notice kiya jaayega. Leadership aur ego ke beech ka farq samajhna bahut zaroori hoga.
Career me opportunities mil sakti hain, par overconfidence mistakes bhi kara sakta hai. Relationships me bhi dominance dikhane ki jagah understanding dikhani hogi. Yeh month aapko asli leadership ka meaning samjha sakta hai.
👉 Full video YouTube par live hai, June me kaunsi cheezein aapko respect aur success dilayengi, poora jaanne ke liye YouTube par zaroor jaayein.
Radhe Radhe 🙏 

#SinghRashi #LeoHoroscope #June2026 #Rashifal #AstroArunPandit",https://www.instagram.com/p/DZEYinNh6-n/,DZEYinNh6-n
https://www.instagram.com/astroarunpandit,3398,140,2026-03-21T07:31:47.000Z,Sidecar,"From studying astrology as a discipline…
to being recognised among Forbes India’s 30 Under 30 Young Impact Leaders.

This honour belongs to every person who chose awareness over fear and knowledge over blind belief.

Astrology was never meant to scare people.
It was meant to guide them.

Grateful for the trust and support of this incredible community.

#ForbesIndia
#30Under30
#astroarunpandit",https://www.instagram.com/p/DWI2EsgEbZc/,DWI2EsgEbZc
https://www.instagram.com/astroarunpandit,613,3,2026-06-03T10:30:10.000Z,Video,"Ek astrologer ka hamesha se ek sapna hota hai ki unka apna ek aisa platform ho jahan par logo ko bilkul sahi aur accurate kundali analysis mile. Aur Horocosmo wahi hai! 

[ Horocosmo App, Astro Arun Pandit, Astrology Consultation, Online Kundali, Astro Students, Horoscope Predictions, Best Astrology App, Indian Astrology, Kundali Reading ]
.
.
#Horocosmo #AstroArunPandit #AstrologyApp #KundaliReading #jyotish",https://www.instagram.com/p/DZHtWrZhhuU/,DZHtWrZhhuU
https://www.instagram.com/astroarunpandit,3861,8,2026-06-02T09:14:31.000Z,Video,"ये 3 गलतियाँ आपको कर सकती हैं कंगाल! 

क्या आप भी अनजाने में रात के समय ये काम कर रहे हैं? ज्योतिष शास्त्र और वास्तु के अनुसार, रात में कुछ काम करने से घर में नकारात्मक ऊर्जा (negative energy) आती है और माँ लक्ष्मी नाराज़ हो जाती हैं, जिससे गरीबी और कंगाली का सामना करना पड़ सकता है। 

भूलकर भी रात में न करें ये 3 काम:
1️⃣ रात में झाड़ू लगाना: ऐसा करने से घर की बरकत चली जाती है।
2️⃣ जूठे बर्तन छोड़ना: किचन में रातभर जूठे बर्तन रखने से राहु-केतु का दोष बढ़ता है और धन हानि होती है।
3️⃣ बाल या नाखून काटना: सूर्यास्त के बाद बाल या नाखून काटने से सेहत और समृद्धि दोनों पर बुरा असर पड़ता है।

[Vastu tips for home, Night habits for wealth, Ghar ki barkat ke upay, Raat ko jhadu lagana vastu, Jhuthe bartan vastu dosh, Raat ko nakhun katna kyu mana hai, Astro Arun Pandit remedies, Money flow vastu tips, Negative energy removal, Maa Lakshmi blessings, Jyotish Shastra rules, Rich mindset habits ]
.
.
#VastuTips #Astrology #IndianTradition #VastuShastra #Astroarunpandit",https://www.instagram.com/p/DZE_zLZzrWC/,DZE_zLZzrWC
https://www.instagram.com/astroarunpandit,5688,14,2026-06-03T08:50:06.000Z,Video,"June 2026 ke sabse important aur auspicious days! Is mahine mein kaafi saare bade tyohar aur vrat aa rahe hain jo aapki life mein positivity, strength aur blessings la sakte hain.

[ Important days in June 2026, Shubh Muhurat June, Bada Mangal 2026, Ekadashi dates June, Masik Shivratri, Gayatri Jayanti, Nirjala Ekadashi, Shani Pradosh Vrat, Jyeshtha Purnima, Astro tips, Hindu festivals June ]
.
.
.
#June2026 #ImportantDays #BadaMangal #Ekadashi #Astroarunpandit",https://www.instagram.com/p/DZHhxtFRtR1/,DZHhxtFRtR1
https://www.instagram.com/astroarunpandit,5960,9,2026-06-01T11:40:12.000Z,Sidecar,"जानिए कैसा होगा आपका साप्ताहिक राशिफल 01 June से 07 June 2026 का…

कमेंट्स में अपने व्यूज शेयर करना न भूलें।

आपका सप्ताह खुशियों से भरा रहे..

Explore your horoscope, comment your experiences below, and let’s discuss!

Share this with friends and family, add it to your story, and tag @astroarunpandit to spread the astrological insights!

राधे राधे 🙏

[ Daily Horoscope, Moon Sign Prediction, Today’s Horoscope, Daily Horoscope By Astro Arun Pandit, Dainik Rashifal, Aaj Ka Rashifal, astrology, Daily Astro Remedies By Astro Arun Pandit, vedic astrology, best astrologer, vedic astrology, kundali, famous astrologer, astrology remedies ]

#dailyhoroscope #Horocosmo #astroarunpandit #astrology #bestastrologer",https://www.instagram.com/p/DZCrvFKgey2/,DZCrvFKgey2
https://www.instagram.com/astroarunpandit,3476,10,2026-06-01T11:28:45.000Z,Video,"The world is heading towards closure? A spiritual leader passing away? How scared should we be?

Watch @astroarunpandit talk about all things astrology and predictions of our future only on the Men’s Locker Room podcast on Youtube!

(Astrology, arun pandit, sadhika sehgal, mensxp, men’s locker room, prediction, zodiac, future, conspiracy, trending, explore, podcast, astro)",https://www.instagram.com/p/DZCpnJyz-qR/,DZCpnJyz-qR
https://www.instagram.com/astroarunpandit,4054,3,2026-06-01T11:43:33.000Z,Sidecar,"Weekly Horoscope |  01 June – 07 June
🔮

Step into the week with clarity and cosmic insight! Your personalized Moon Sign predictions are here to light your path. 🌙✨

💬 Share your thoughts, wins, and reflections in the comments — we love hearing from you!

👉 Swipe to reveal this week’s powerful mantra and realign your energy with the universe. 🌌
Wishing you a harmonious and uplifting week ahead. 💫

✨ Curious about what the month holds? Dive into your Monthly Horoscope on Horocosmo — your ultimate celestial companion.
🔗 Tap the link in bio to explore!

राधे राधे 🙏

[Weekly Horoscope, Moon Sign Prediction, Astro Remedies, Vedic Astrology, Aaj Ka Rashifal, Astro Arun Pandit, Kundali Tips, Dainik Rashifal, Daily Astrology Tips, Best Astrologer Advice, Horocosmo]

#astrology #weeklyhoroscope #vedicastrology #astroarunpandit #horocosmo",https://www.instagram.com/p/DZCsHpvATBn/,DZCsHpvATBn
https://www.instagram.com/astroarunpandit,6203,46,2026-06-04T00:30:10.000Z,Sidecar,"4 June 2026 – Daily Horoscope by Astro Arun Pandit ✨

The planets shift, energies change, and each day brings a new message from the universe. 🌙✨

What do the stars have in store for you today?
This Moon Sign (Chandra Rashi)–based Daily Horoscope offers guidance for your career, relationships, health, and mindset, helping you move through the day with clarity and balance. 💫

Stay aligned with cosmic energies.
👉 Don’t forget to share this with your friends - because their day, too, is written in the stars. 🌌

🌸 Radhe Radhe 🌸

[ Astrology, Astro Arun Pandit, Rashifal, Prediction, Horoscope, Today’s Rashifal ]

#AstroArunPandit #Astrology #DailyHoroscope #Rashifal #TodaysHoroscope #Predictions",https://www.instagram.com/p/DZJNcQYjjaq/,DZJNcQYjjaq
https://www.instagram.com/astroarunpandit,7302,49,2026-06-03T00:30:11.000Z,Sidecar,"3 June 2026 – Daily Horoscope by Astro Arun Pandit ✨

The planets shift, energies change, and each day brings a new message from the universe. 🌙✨

What do the stars have in store for you today?
This Moon Sign (Chandra Rashi)–based Daily Horoscope offers guidance for your career, relationships, health, and mindset, helping you move through the day with clarity and balance. 💫

Stay aligned with cosmic energies.
👉 Don’t forget to share this with your friends - because their day, too, is written in the stars. 🌌

🌸 Radhe Radhe 🌸

[ Astrology, Astro Arun Pandit, Rashifal, Prediction, Horoscope, Today’s Rashifal ]

#AstroArunPandit #Astrology #DailyHoroscope #Rashifal #TodaysHoroscope #Predictions",https://www.instagram.com/p/DZGopfnARr-/,DZGopfnARr-
https://www.instagram.com/astroarunpandit,19728,274,2025-08-06T15:44:23.000Z,Image,"PROUD MOMENT IN HISTORY!

The stars always knew, now the world does too...

Astro Arun Pandit Ji has been honored as the Best Celebrity Astrologer at the Global Indians Conclave & Awards 2025 — receiving the prestigious Global Indian Award from Union Minister Shri Nitin Gadkari Ji 

This isn't just an award…
It’s a recognition of a 50+ year-old legacy of Vedic wisdom, psychic insight, and spiritual guidance — now celebrated on a global platform.

""Rashiyon se rishta, rashtra tak ki pehchaan!""
A moment of pride for every believer in astrology, every student of Occult Gurukul, and every soul touched by Astro Arun Pandit Ji’s divine guidance.

🏆 Best Celebrity Astrologer
📍 5th August 2025 | Shangri-La Eros, New Delhi

📸 Blessings. Gratitude. Vision.
This is just the beginning... 

#AstroArunPandit #BestCelebrityAstrologer #GlobalIndianAwards #AwardedByNitinGadkari #AstrologyWithImpact #OccultGurukul #GemsMantra #PoojaHouse #LegacyOfLight #SpiritualIndia #VedicWisdomGlobalStage",https://www.instagram.com/p/DNBN_-NTFY-/,DNBN_-NTFY-
https://www.instagram.com/astroarunpandit,3399,12,2026-06-03T03:30:12.000Z,Video,"Kanya Rashi walon ke liye June 2026 planning aur action ke beech ka sach saamne laane wala month hai.
Aap har cheez perfect karna chahte hain, lekin is baar overthinking aur zyada analysis delays create kar sakte hain. Kaam, health aur daily routine me discipline bahut zaroori hoga.
Yeh month aapko sikhaayega ki har cheez perfect hone ka wait karne se opportunities haath se nikal sakti hain. Realistic approach aur timely action hi progress dilayega.
👉 Full video YouTube par live hai, June me kaunsi habits aapko success ke kareeb aur kaunsi problems ke paas le ja sakti hain, jaanne ke liye YouTube par jaayein.
Radhe Radhe 🙏
[ Kanya rashi June 2026, Virgo horoscope June 2026, Kanya rashifal, Monthly horoscope hindi, Astro arun pandit ] 

#KanyaRashi #VirgoHoroscope #June2026 #MonthlyPrediction #AstroArunPandit",https://www.instagram.com/p/DZG9RQPBPvo/,DZG9RQPBPvo
https://www.instagram.com/sheelaambajaj,97,2,2026-05-30T12:01:29.000Z,Video,"Comment ""Something Bigger"" for the full episode! 🎙️✨

Numerology chart 👀….

#fyp #numerlogy",https://www.instagram.com/p/DY9kcIksRlO/,DY9kcIksRlO
https://www.instagram.com/sheelaambajaj,53792,1812,2026-04-02T13:00:00.000Z,Video,"A Number 4 person will be the best person in your life… until you hurt them.

Ruled by Rahu, they often end up getting the short end of the stick.

They give too much.
They do too much.
They stay longer than they should.

In friendships and relationships, they are often the over-givers and people pleasers.

There is usually an imbalance.

They pour their energy, time and effort into people, often without receiving the same in return.

But here’s what most people don’t realise.

A Number 4 mind is extremely sharp.

They notice everything.

The energy shifts.
The tone changes.
The things left unsaid.

You cannot easily fool a Number 4.

They read logic and energy together, almost like putting puzzle pieces in their mind.

That is why once they see through an illusion, they become extremely detached.

When it comes to compatibility, a Number 4 often understands another Number 4 the best.

Because only they truly understand the overthinking, the over-giving and the way they silently observe everything.

If you are a Number 4 and keep attracting imbalance in relationships, your name energy may be creating emotional patterns that repeat.

Comment NAME to get the link for name correction!

#number4 #mulank4 #4 #numerology #rahu",https://www.instagram.com/p/DWoVRt3Tfcm/,DWoVRt3Tfcm
https://www.instagram.com/sheelaambajaj,17601,357,2026-05-29T09:53:29.000Z,Video,"Comment ""Something Bigger"" for the full episode! 🎙️✨

Number 9 people 👀….

#fyp #numerlogy",https://www.instagram.com/p/DY6xCh_ODn2/,DY6xCh_ODn2
https://www.instagram.com/sheelaambajaj,115,4,2026-05-30T12:01:49.000Z,Video,"Comment ""Something Bigger"" for the full episode! 🎙️✨

We are known by our names 👀….

#fyp #numerlogy",https://www.instagram.com/p/DY9kgvis7Fh/,DY9kgvis7Fh
https://www.instagram.com/sheelaambajaj,39914,2431,2026-04-05T13:00:00.000Z,Video,"Are you born on 5, 14, or 23?

Then you already know—you don’t like being told you’re wrong.

It’s not just attitude, it’s your wiring. You think fast, act on instinct, and trust your own decisions more than anyone else. You don’t follow the crowd—you build your own path.

But let’s be honest, this energy isn’t always easy in relationships. You can come off as controlling, correcting, even a little too much at times. You don’t take criticism well, and that creates friction.

At the same time, when you believe in something—you go all in. You don’t stop until you win.

The real problem? Wrong energy around you. The wrong partner, wrong dynamics, and everything starts feeling off—arguments, imbalance, emotional disconnect.

If you are a Number 5 and keep attracting imbalance in relationships, your name energy may be creating emotional patterns that repeat.

That’s why your name vibration matters. It can either support your natural strength or keep you stuck in the same cycles.

Fix the alignment, and everything shifts.

Comment “NAME” to get the link for your DM
#sheelambajaj #numerology #mulank5 #fyp #mercury",https://www.instagram.com/p/DWwDj49z9Fb/,DWwDj49z9Fb
https://www.instagram.com/sheelaambajaj,33972,502,2026-05-27T13:08:00.000Z,Video,"Comment ""Something Bigger"" for the full episode! 🎙️✨

Number 5 people 👀….

#fyp #numerlogy",https://www.instagram.com/p/DY19rElM7De/,DY19rElM7De
https://www.instagram.com/sheelaambajaj,18339,294,2026-05-29T09:53:07.000Z,Video,"Comment ""Something Bigger"" for the full episode! 🎙️✨

Number 8 people 👀….

#fyp #numerlogy",https://www.instagram.com/p/DY6w-uCu4vJ/,DY6w-uCu4vJ
https://www.instagram.com/sheelaambajaj,376,723,2026-05-26T12:13:25.000Z,Video,"Some people come after trying everything.

They’ve already done numerology. Already changed their name. Already followed advice they were given… and yet life still feels stuck.

The same delays. The same confusion. The same patterns repeating.

And very often, certain combinations like 3 & 6, 6 & 3, 1 & 8, and 8 & 1 tend to be more layered and complex. These aren’t always simple charts where one quick correction solves everything.

Because name correction is not just changing a few letters and hoping for the best.

It’s about understanding how your numbers interact with your date of birth, your life patterns, your strengths, and where the friction is actually coming from.

Sometimes what looks like a “correction” on the surface may have missed something important.

If you’ve already tried numerology or had a name correction done but still feel like life hasn’t shifted the way you expected… it may be worth taking a closer look.

Comment “NAME”if you’d like your case reviewed by Dr. Sheelaa M Bajaj’s team.
#sheelambajaj #numerology #mulank6 #mulank3 #fyp",https://www.instagram.com/p/DYzSQ_opara/,DYzSQ_opara
https://www.instagram.com/sheelaambajaj,18363,432,2026-05-28T13:15:02.000Z,Video,"Comment ""Something Bigger"" for the full episode! 🎙️✨

Number 6 people 👀….

#fyp #numerlogy",https://www.instagram.com/p/DY4jQE1MPk8/,DY4jQE1MPk8
https://www.instagram.com/sheelaambajaj,567,449,2026-05-29T11:47:39.000Z,Video,"Jackpot hi jackpot?

For many Number 4 people, 2026 (up to February) is bringing opportunities, growth, and a strong prosperity phase.

I’ve had so many Number 4 people tell me that suddenly new opportunities appeared, career doors opened, finances improved, or things finally started moving after feeling stuck for a long time.

But every now and then, someone says:

“I can’t relate to this at all.”

And that’s where the bigger picture comes in.

Your birth number is important, but it is not the only thing that influences your results.

Your name vibration matters.
Your numerology chart matters.
The balance of numbers in your chart matters.

Think of it this way.

A powerful prosperity yog is like being gifted the blueprint for a beautiful building.

But if the foundation underneath is weak or incomplete, it becomes difficult to fully benefit from what’s available to you.

An imbalanced chart can sometimes weaken the support systems needed to make the most of favourable periods and opportunities.

That’s why looking at only one number is never enough.

A complete Numerology Chart Analysis helps reveal where your strengths are, what may be creating delays, and what can be improved for better alignment.

If you’re a Number 4 and not experiencing the growth everyone seems to be talking about, it may be worth understanding what your chart is trying to tell you.

Comment “CHART” and our team will guide you.
#sheelambajaj #numerology #mulank4 #rahu #fyp",https://www.instagram.com/p/DY6-JXFJbnW/,DY6-JXFJbnW
https://www.instagram.com/sheelaambajaj,1860,193,2026-05-26T11:53:36.000Z,Video,"Number 4s… does this feel familiar?

No matter how hard you work, it can feel like you’re constantly swimming against the current. Hustle, struggle, grind… putting in more effort than everyone else just to stay afloat.

And then there’s the overgiving.
Doing too much. Giving too much. Showing up for everyone.

But somehow… it feels like a one-way road.
You pour in your time, energy, effort, love… and very little comes back.

This is where many Number 4s get stuck.

Your strength is your willingness to work hard and show up. But when that turns into overdoing, overgiving, and ignoring your own limits, life has a way of forcing boundaries for you. Sometimes through endings. Sometimes through distance. Sometimes by removing people or situations altogether.

The lesson for Number 4 is not to stop caring.
It’s to care with boundaries.
To give with awareness.
To stop treating exhaustion like a badge of honour.

If you’re a Number 4, your breakthrough may not come from doing more. It may come from doing differently.

Comment “4” if this feels like your story, and we’ll guide you.
#sheelambajaj #numerology #rahu #mulank4 #fyp",https://www.instagram.com/p/DYzPR6gJ55s/,DYzPR6gJ55s
https://www.instagram.com/sheelaambajaj,27439,328,2026-05-26T08:06:54.000Z,Video,"Comment “Something Bigger” for the full episode! 🎙️✨

“If Number 1 is the piercing light of the Sun, Number 2 is the gentle, intuitive pull of the Moon. Your sensitivity isn’t a weakness; it is your ultimate superpower.” 🌙🔮✨

In numerology, Number 2 is ruled by the Moon. It represents duality, collaboration, emotional depth, and receptivity. Unlike the aggressive, forward-driving energy of a Number 1, people aligned with Number 2 hold the world together through empathy, intuition, and a profound creative flow. They are the ultimate nurturers, counselors, and mystics of the numeric spectrum.

 Your depth is your divinity. In a world that often rewards loud, aggressive certainty, your quiet insight, healing presence, and creative intuition are rare commodities. Protect your elasticity, trust your inner voice, and let your empathy change the world without draining yourself.

#SomethingBigger #Numerology #Number2 #LifePath2 #MoonEnergy EmpathSurvival Intuition",https://www.instagram.com/p/DYy2c7NuRhR/,DYy2c7NuRhR
https://www.instagram.com/sheelaambajaj,23747,388,2026-05-27T13:07:29.000Z,Video,"""Comment """"Something Bigger"""" for the full episode! 🎙️✨

""""To be ruled by Rahu is to be born with a mind that refuses to sit still. You aren't here to fit into the system; you are here to break it open and build something better."""" 🌪️⚡🔮

In numerology, Number 4 is governed by the shadow planet Rahu (the North Node of the Moon). In cosmic metaphysics, Rahu represents obsession, out-of-the-box thinking, sudden shifts, and the absolute refusal to accept status quo limitations. If your frequency is aligned with Number 4, you possess a fiercely brilliant, atypical intellect that positions you as a natural-born disruptor, trendsetter, and pattern breaker.

Protect the Giver Within: Because you are an over-giver, you are highly susceptible to burnout or exploitation. Establish clear psychological boundaries. Ensure that those you are going out of your way for actually respect your energy.

Reframe the Blame: When people call you """"difficult,"""" """"stubborn,"""" or """"rebellious,"""" recognize it as a validation of your archetype. You weren't designed to be compliant; you were designed to innovate. Wear your uniqueness as a badge of honor, not a flaw.

The Lesson: The world needs compliance to survive, but it needs disruption to evolve. If you are a Number 4, step fully into your role as a trendsetter. Hold your ground against the critics, protect your generous spirit, and let your sharp mind build the new paradigms our future desperately needs.

#SomethingBigger #Numerology #Number4 #LifePath4 #RahuEnergy PatternBreakers Disruptors Trendsetters OutTheBoxThinking RebelHeart",https://www.instagram.com/p/DY19obFMzGg/,DY19obFMzGg
https://www.instagram.com/sheelaambajaj,3767,136,2026-05-26T08:08:07.000Z,Video,"Comment “Something Bigger” for the full episode! 🎙️✨

“When your mind is guided by Jupiter, your primary currency isn’t just intelligence, it is expansion. You don’t just solve problems; you unlock wisdom for everyone around you.” 🪐📚✨
In numerology, Number 3 is ruled by the massive, benevolent planet Jupiter (known in Vedic philosophy as Guru or Brihaspati). Jupiter represents absolute wisdom, higher education, spiritual law, and limitless abundance. If you carry the vibration of Number 3, you are fundamentally engineered to be a teacher, an expansive creative, and a natural counselor whose words possess a distinct, problem-solving frequency.

#SomethingBigger #Numerology #Number3 #LifePath3 #explore",https://www.instagram.com/p/DYy2iXiupVE/,DYy2iXiupVE
https://www.instagram.com/sheelaambajaj,38163,1107,2026-05-28T13:15:09.000Z,Video,"Comment ""Something Bigger"" for the full episode! 🎙️✨

Number 7 people 👀….

#fyp #numerlogy",https://www.instagram.com/p/DY4jRTDshp_/,DY4jRTDshp_
https://www.instagram.com/astrosagedotcom,238,2,2026-03-22T17:31:33.000Z,Video,"नवरात्रि Day 5 का रहस्य 😳 | Navratri 2026 | Chaitra Navratri | Maa Skandamata Story

Navratri 2026 और Chaitra Navratri में जानिए Maa Skandamata की story, Durga Maa की कृपा और powerful mantra।

#navratri #navratri2026 #chaitranavratri #navaratri #navratriday5 #maaskandamata #durgamaa #durgamantra #hindunewyear #chaitranavratri2026 #navratrispecial #sanatandharma #hinduspirituality #devotional #ytshorts #shorts #spiritual #festivalindia",https://www.instagram.com/p/DWMfcN-jCVV/,DWMfcN-jCVV
https://www.instagram.com/astrosagedotcom,272,8,2026-03-23T10:31:39.000Z,Video,"Navratri 2026 और Chaitra Navratri में जानिए Maa Katyayani की story, Durga Maa की शक्ति और powerful mantra।",https://www.instagram.com/p/DWOUKzbgXCS/,DWOUKzbgXCS
https://www.instagram.com/astrosagedotcom,234,5,2026-03-19T08:46:26.000Z,Video,"नवरात्रि 2026 का बड़ा संकेत 😳 | Maa Durga Aagman Palki | Prasthan Haathi | Navratri 2026

Navratri 2026 में Maa Durga का आगमन पालकी पर और प्रस्थान हाथी पर क्यों हो रहा है? जानिए इसका hidden meaning, world effects और Chaitra Navratri का रहस्य।

#navratri #navratri2026 #navaratri #chaitranavratri #hindunewyear #durgamaa #navratriaagman #navratriprasthan #sanatandharma #hinduspirituality #devotional #instareels #reels #spiritual #trending",https://www.instagram.com/p/DWD097LAYmF/,DWD097LAYmF
https://www.instagram.com/astrosagedotcom,352,8,2026-03-25T10:30:32.000Z,Video,"राम नवमी 2026 कब है | राम नवमी 2026 तारीख क्या है 

Ram Navami 2026 ki sahi date kya hai? Ram Navami kab hai 2026 aur kis din manayi jayegi—26 ya 27 March? Yahan jane sahi tithi, shubh muhurat aur pooja ka sahi samay 🙏

#ramnavami2026 #ramnavamikabhai #ramnavamidate2026 #ramnavamimuhurat #ramnavamipuja #hindufestival #lordrama #ramayan #indianculture #festival2026 #astroguide #ramnavamispecial #jaishreeram #viralshorts #reels",https://www.instagram.com/p/DWTdpa2kUZS/,DWTdpa2kUZS
https://www.instagram.com/astrosagedotcom,259,2,2026-03-20T05:31:57.000Z,Video,"नवरात्रि Day 3 का रहस्य 😳 | Maa Chandraghanta Power | Fear खत्म कैसे? | Navratri 2026

नवरात्रि के तीसरे दिन Maa Chandraghanta की पूजा क्यों होती है? जानिए उनकी hidden story, fear हटाने की शक्ति और powerful mantra। Navratri 2026 और Chaitra Navratri में इसका खास महत्व।

#navratri #navratri2026 #navaratri #chaitranavratri #hindunewyear #durgamaa #maachandraghanta #navratriday3 #durgamantra #sanatandharma #hinduspirituality #devotional #instareels #reels #spiritual
#trendingreels",https://www.instagram.com/p/DWGDfvqjYTZ/,DWGDfvqjYTZ
https://www.instagram.com/astrosagedotcom,196,7,2026-03-19T10:31:48.000Z,Video,"नवरात्रि Day 2 का रहस्य 😳 | Navratri 2026 | Chaitra Navratri | Durga Maa

नवरात्रि के दूसरे दिन Maa Brahmacharini की पूजा क्यों होती है? जानिए उनकी hidden story, तपस्या की शक्ति और मंत्र का महत्व। Navratri 2026, Chaitra Navratri और Hindu New Year की खास जानकारी।

#navratri #navratri2026 #navaratri #chaitranavratri #hindunewyear #durgamaa #maabrahmacharini #navratriday2 #durgamantra #sanatandharma #hinduspirituality #devotional #instareels #reels #spiritual",https://www.instagram.com/p/DWEBBWICSqG/,DWEBBWICSqG
https://www.instagram.com/astrosagedotcom,384,8,2026-03-24T10:31:57.000Z,Video,"नवरात्रि Day 7 का खौफनाक रहस्य 😨 | Navratri 2026 | Chaitra Navratri | Maa Kalaratri

Navratri 2026 और Chaitra Navratri में जानिए Maa Kalaratri की story, bhog, color और powerful mantra।

#navratri #navratri2026 #chaitranavratri #navaratri #navratriday7 #maakalaratri #durgamaa #durgamantra #hindunewyear #chaitranavratri2026 #navratrispecial #sanatandharma #hinduspirituality #devotional #instareels #reels #spiritual #festivalindia",https://www.instagram.com/p/DWQ4_xJCAwZ/,DWQ4_xJCAwZ
https://www.instagram.com/astrosagedotcom,225,6,2026-03-17T10:31:27.000Z,Video,"इस Navratri 2026 में जानिए “सर्वमंगल मांगल्ये” मंत्र का असली अर्थ और शक्ति। यह Durga Maa का powerful mantra सुख, सुरक्षा और सफलता के लिए क्यों जपा जाता है? Chaitra Navratri और Hindu New Year में इसका विशेष महत्व।

#navratri #navratri2026 #navaratri #chaitranavratri #hindunewyear #durgamaa #durgamantra #sarvamangala #navratrimantra #pujamuhurat #sanatandharma #hinduspirituality #devotional #reels #trending",https://www.instagram.com/p/DV-3YYvD40b/,DV-3YYvD40b
https://www.instagram.com/astrosagedotcom,263,7,2026-03-16T12:31:36.000Z,Video,"यह मंत्र सिर्फ शब्द नहीं बल्कि दिव्य ऊर्जा की ध्वनि है। जानिए Durga Maa के शक्तिशाली बीज मंत्र “ॐ ऐं ह्रीं क्लीं चामुण्डायै विच्चे” के हर शब्द का रहस्य। Navratri 2026 और Chaitra Navratri में इसका जाप क्यों इतना महत्वपूर्ण माना जाता है?

#navratri #navratri2026 #navaratri #chaitranavratri #hindunewyear #durgamaa #durgamantra #durgabeejmantra #sanatandharma #hinduspirituality #mantra #devotional #ytshorts #shorts #hindu",https://www.instagram.com/p/DV8gVY5DhM7/,DV8gVY5DhM7
https://www.instagram.com/astrosagedotcom,244,2,2026-03-21T17:32:04.000Z,Video,"नवरात्रि Day 4 का रहस्य 😳 | Navratri 2026 | Chaitra Navratri | Maa Kushmanda Story

Navratri 2026 और Chaitra Navratri में जानिए Maa Kushmanda की hidden story, Durga Maa की creation power और powerful mantra।

#navratri #navratri2026 #chaitranavratri #navaratri #navratriday4 #maakushmanda #durgamaa #durgamantra #hindunewyear #chaitranavratri2026 #navratrispecial #sanatandharma #hinduspirituality #devotional #ytshorts #shorts #spiritual #festivalindia #navratrifestival",https://www.instagram.com/p/DWJ6tR9D05k/,DWJ6tR9D05k
https://www.instagram.com/astrosagedotcom,356,7,2026-03-24T13:31:20.000Z,Video,"दुर्गा सप्तशती का वो गुप्त मंत्र 😳 जिसे ऋषियों ने भी छुपाया था! | Argala Stotram रहस्य

दुर्गा सप्तशती का एक ऐसा रहस्य… जो हर किसी को नहीं बताया जाता।
ये मंत्र सिर्फ शब्द नहीं… कुछ और है। 🙏

#durgasaptashati #argalastotram #durgamantra #navratri2026 #durgamaa #powerfulmantra #hindusecrets #spiritualindia #mantrashakti #bhakti #devimantra #hinduism #reels",https://www.instagram.com/p/DWRNhs4E_Pk/,DWRNhs4E_Pk
https://www.instagram.com/astrosagedotcom,432,41,2026-03-25T13:31:27.000Z,Video,"नवरात्रि Day 8 का रहस्य 😳 | Navratri 2026 | Chaitra Navratri | Maa Mahagauri Glow Secret
 
Navratri 2026 और Chaitra Navratri में जानिए Maa Mahagauri की story, bhog, color और powerful mantra।

#navratri #navratri2026 #chaitranavratri #navaratri #navratriday8 #maamahagauri #durgamaa #durgamantra #hindunewyear #chaitranavratri2026 #navratrispecial #sanatandharma #hinduspirituality #devotional #ytshorts #shorts #spiritual #festivalindia",https://www.instagram.com/p/DWTyWUbEn6i/,DWTyWUbEn6i
https://www.instagram.com/astrosagedotcom,157,26,2026-03-11T11:31:46.000Z,Video,"शनि अस्त को ज्योतिष में बहुत महत्वपूर्ण घटना माना जाता है। जब Saturn सूर्य के बहुत करीब आ जाता है तो वह दिखाई देना बंद कर देता है और इस स्थिति को Shani Ast कहा जाता है।
ज्योतिष के अनुसार Shani Ast के दौरान शनि की प्रभावशाली शक्ति कुछ हद तक कमजोर मानी जाती है, जिसके कारण जीवन में अचानक उतार-चढ़ाव देखने को मिल सकते हैं।

#shaniast #shaniast2026 #shanidev #shanitransit #saturnast #astrology #vedicastrology #jyotish #rashifal #astrologytips #astrologyfacts #hindumythology #sanatandharma #hinduculture #spiritualindia #viralshorts #ytshorts #shortsvideo #astrologyshorts #devotional",https://www.instagram.com/p/DVvhhxSgR4l/,DVvhhxSgR4l
https://www.instagram.com/astrosagedotcom,346,15,2026-03-09T11:31:32.000Z,Video,"Sheetla Ashtami 2026 पर एक अनोखी परंपरा निभाई जाती है। इस दिन घरों में चूल्हा नहीं जलाया जाता और लोग एक दिन पहले बनाया गया बासी या ठंडा भोजन माता शीतला को भोग लगाकर प्रसाद के रूप में खाते हैं।

हिंदू धर्म में Sheetla Ashtami को रोगों से रक्षा करने वाली माता शीतला की पूजा का विशेष दिन माना जाता है। मान्यता है कि Sheetla Mata की पूजा से चेचक, बुखार और अन्य रोगों से सुरक्षा मिलती है।

इस साल Sheetla Ashtami 2026 का पर्व 11 मार्च, बुधवार को मनाया जाएगा। जानिए इस दिन बासी भोजन खाने की परंपरा क्यों है और इसका धार्मिक महत्व क्या है।

अगर आप भी Sheetla Mata में आस्था रखते हैं तो कमेंट में लिखें — जय माता शीतला

#sheetlaashtami #sheetlaashtami2026 #sheetlamata #basoda #basoda2026 #hindufestival #hindutradition #indianfestival #religiousfacts #hindumythology #shorts #ytshorts #festivalfacts #viralshorts #hinduculture #astrology #spiritualindia #devotional #sanatandharma #indianculture",https://www.instagram.com/p/DVqX6UQiQ25/,DVqX6UQiQ25
https://www.instagram.com/astrosagedotcom,132,0,2026-03-03T06:00:18.000Z,Video,"क्या सच में होली पर चंद्र ग्रहण का संयोग बन रहा है? इस साल होलिका दहन और चंद्र ग्रहण एक साथ आ जाएं तो इसका क्या अर्थ है?

Chandra Grahan Holi 2026, Holi Lunar Eclipse 2026, और Holika Dahan Chandra Grahan का यह संयोग केवल ज्योतिषीय घटना नहीं, बल्कि आंतरिक और बाहरी शुद्धि का संकेत माना जाता है।

जानिए —
✔ चंद्र ग्रहण का आध्यात्मिक प्रभाव
✔ होलिका दहन का रहस्य
✔ क्या करें और क्या न करें
✔ “ॐ सोमाय नमः” मंत्र का महत्व

यह समय डरने का नहीं, बल्कि खुद को बदलने का अवसर है। ऐसी ही ज्योतिषीय अपडेट के लिए चैनल को फॉलो जरूर करें।

#holi2026 #chandragrahan #holikadahan #holichandragrahan #lunareclipse2026 #hindufestival #astrologyshorts #grahan2026 #holiastro #spiritualindia #vedicastrology #grahangochar #holivibes #hindurituals #omSomayNamah #chandragrahan2026 #holilunareclipse #holikadahan2026 #astrotips #festivalofcolors",https://www.instagram.com/p/DVaVO-LlJNZ/,DVaVO-LlJNZ
